Tempo [s];L-L0 [mm];Força [N];Epsilon;;;L0 [mm]
0,016667;0;0;0;;;50
0,28333;0,00095512;12,843;1,91024E-05;;;
0,48333;0,00095512;25,686;1,91024E-05;;;
0,78333;0,0019102;38,529;0,000038204;;;
1,1333;0,0023878;51,372;0,000047756;;;
1,5;0,0028654;64,215;0,000057308;;;
1,8333;0,0033429;77,059;0,000066858;;;
2,0167;0,0038205;89,902;0,00007641;;;
2,1833;0,0047756;102,74;0,000095512;;;
2,35;0,0052532;115,59;0,000105064;;;
2,4833;0,0057307;128,43;0,000114614;;;
2,6167;0,0066859;141,27;0,000133718;;;
2,7667;0,0066859;154,12;0,000133718;;;
2,9;0,007641;166,96;0,00015282;;;
3,0167;0,0081185;179,8;0,00016237;;;
3,15;0,0085961;192,65;0,000171922;;;
3,2833;0,0090737;205,49;0,000181474;;;
3,4167;0,010029;218,33;0,00020058;;;
3,5667;0,010506;231,18;0,00021012;;;
3,6833;0,010506;244,02;0,00021012;;;
3,8167;0,010984;256,86;0,00021968;;;
3,9333;0,011461;269,71;0,00022922;;;
4,0667;0,012417;282,55;0,00024834;;;
4,2;0,012894;295,39;0,00025788;;;
4,3333;0,013372;308,23;0,00026744;;;
4,4667;0,013849;321,08;0,00027698;;;
4,6;0,014327;333,92;0,00028654;;;
4,7167;0,014804;346,76;0,00029608;;;
4,85;0,015282;359,61;0,00030564;;;
4,9833;0,016237;372,45;0,00032474;;;
5,1;0,016715;385,29;0,0003343;;;
5,2333;0,017192;398,14;0,00034384;;;
5,3667;0,01767;410,98;0,0003534;;;
5,5167;0,018147;423,82;0,00036294;;;
5,6333;0,018625;436,67;0,0003725;;;
5,7833;0,019102;449,51;0,00038204;;;
5,9333;0,01958;462,35;0,0003916;;;
6,0833;0,020058;475,19;0,00040116;;;
6,2;0,020058;488,04;0,00040116;;;
6,3667;0,020535;500,88;0,0004107;;;
6,5167;0,021013;513,72;0,00042026;;;
6,65;0,02149;526,57;0,0004298;;;
6,8167;0,021968;539,41;0,00043936;;;
6,9667;0,021968;552,25;0,00043936;;;
7,1167;0,022445;565,1;0,0004489;;;
7,3;0,023401;577,94;0,00046802;;;
7,5;0,023401;590,78;0,00046802;;;
7,6667;0,023878;603,63;0,00047756;;;
7,85;0,023878;616,47;0,00047756;;;
8,05;0,024356;629,31;0,00048712;;;
8,2667;0,024833;642,15;0,00049666;;;
8,4833;0,025311;655;0,00050622;;;
8,7;0,025311;667,84;0,00050622;;;
8,9167;0,025788;680,68;0,00051576;;;
9,15;0,025788;693,53;0,00051576;;;
9,4167;0,026266;706,37;0,00052532;;;
9,6333;0,026266;719,21;0,00052532;;;
9,8667;0,026743;732,06;0,00053486;;;
10,117;0,027221;744,9;0,00054442;;;
10,367;0,027221;757,74;0,00054442;;;
10,65;0,027221;770,59;0,00054442;;;
10,95;0,027221;783,43;0,00054442;;;
11,2;0,028176;796,27;0,00056352;;;
11,5;0,028176;809,12;0,00056352;;;
11,783;0,028176;821,96;0,00056352;;;
12,083;0,027699;834,8;0,00055398;;;
12,417;0,028176;847,64;0,00056352;;;
12,733;0,028176;860,49;0,00056352;;;
13,05;0,028176;873,33;0,00056352;;;
13,433;0,028654;886,17;0,00057308;;;
13,817;0,028654;899,02;0,00057308;;;
14,2;0,028654;911,86;0,00057308;;;
14,55;0,028654;924,7;0,00057308;;;
14,983;0,028654;937,55;0,00057308;;;
15,333;0,028654;950,39;0,00057308;;;
15,75;0,028654;963,23;0,00057308;;;
16,15;0,028654;976,08;0,00057308;;;
16,567;0,028176;988,92;0,00056352;;;
17;0,028654;1001,8;0,00057308;;;
17,45;0,028654;1014,6;0,00057308;;;
17,95;0,028176;1024,2;0,00056352;;;
18,333;0,028176;1037,1;0,00056352;;;
18,817;0,028176;1049,9;0,00056352;;;
19,317;0,028176;1059,6;0,00056352;;;
19,75;0,028176;1072,4;0,00056352;;;
20,25;0,027699;1082;0,00055398;;;
20,75;0,027221;1091,7;0,00054442;;;
21,25;0,027221;1104,5;0,00054442;;;
21,75;0,027221;1110,9;0,00054442;;;
22,133;0,027221;1123,8;0,00054442;;;
22,633;0,027221;1133,4;0,00054442;;;
23,133;0,027221;1143;0,00054442;;;
23,633;0,026743;1152,7;0,00053486;;;
24,133;0,026743;1162,3;0,00053486;;;
24,517;0,026743;1175,1;0,00053486;;;
24,967;0,027221;1188;0,00054442;;;
25,417;0,027699;1200,8;0,00055398;;;
25,833;0,027699;1213,7;0,00055398;;;
26,283;0,027699;1226,5;0,00055398;;;
26,7;0,028176;1239,4;0,00056352;;;
27,1;0,028654;1252,2;0,00057308;;;
27,483;0,029131;1265;0,00058262;;;
27,817;0,029131;1277,9;0,00058262;;;
28,183;0,029609;1290,7;0,00059218;;;
28,55;0,030086;1303,6;0,00060172;;;
28,883;0,030564;1316,4;0,00061128;;;
29,25;0,031041;1329,3;0,00062082;;;
29,617;0,031041;1342,1;0,00062082;;;
29,967;0,031519;1354,9;0,00063038;;;
30,283;0,031997;1367,8;0,00063994;;;
30,6;0,032474;1380,6;0,00064948;;;
30,967;0,032952;1393,5;0,00065904;;;
31,317;0,033429;1406,3;0,00066858;;;
31,7;0,033907;1419,2;0,00067814;;;
32,017;0,034384;1432;0,00068768;;;
32,4;0,034862;1444,8;0,00069724;;;
32,783;0,03534;1457,7;0,0007068;;;
33,117;0,035817;1470,5;0,00071634;;;
33,45;0,036295;1483,4;0,0007259;;;
33,767;0,036295;1496,2;0,0007259;;;
34,117;0,03725;1509,1;0,000745;;;
34,5;0,03725;1521,9;0,000745;;;
34,833;0,037727;1534,8;0,00075454;;;
35,15;0,038205;1547,6;0,0007641;;;
35,517;0,038682;1560,4;0,00077364;;;
35,883;0,039638;1573,3;0,00079276;;;
36,167;0,040115;1586,1;0,0008023;;;
36,567;0,040115;1599;0,0008023;;;
36,9;0,040593;1611,8;0,00081186;;;
37,267;0,04107;1624,7;0,0008214;;;
37,583;0,041548;1637,5;0,00083096;;;
37,933;0,042025;1650,3;0,0008405;;;
38,3;0,042981;1663,2;0,00085962;;;
38,583;0,043458;1676;0,00086916;;;
39;0,043936;1688,9;0,00087872;;;
39,333;0,044413;1701,7;0,00088826;;;
39,65;0,044891;1714,6;0,00089782;;;
40,017;0,045368;1727,4;0,00090736;;;
40,333;0,045846;1740,2;0,00091692;;;
40,65;0,046323;1753,1;0,00092646;;;
41;0,047279;1765,9;0,00094558;;;
41,317;0,047756;1778,8;0,00095512;;;
41,633;0,048234;1791,6;0,00096468;;;
42,017;0,048711;1804,5;0,00097422;;;
42,367;0,049189;1817,3;0,00098378;;;
42,717;0,050144;1830,1;0,00100288;;;
43,1;0,050622;1843;0,00101244;;;
43,417;0,051099;1855,8;0,00102198;;;
43,8;0,052054;1868,7;0,00104108;;;
44,167;0,052054;1881,5;0,00104108;;;
44,517;0,053009;1894,4;0,00106018;;;
44,883;0,053964;1907,2;0,00107928;;;
45,233;0,054442;1920;0,00108884;;;
45,633;0,05492;1932,9;0,0010984;;;
46,033;0,055397;1945,7;0,00110794;;;
46,333;0,056352;1958,6;0,00112704;;;
46,75;0,05683;1971,4;0,0011366;;;
47,1;0,057785;1984,3;0,0011557;;;
47,5;0,05874;1997,1;0,0011748;;;
47,85;0,059218;2009,9;0,00118436;;;
48,25;0,059695;2022,8;0,0011939;;;
48,633;0,06065;2035,6;0,001213;;;
48,983;0,061605;2048,5;0,0012321;;;
49,333;0,062083;2061,3;0,00124166;;;
49,683;0,063038;2074,2;0,00126076;;;
50,033;0,063516;2087;0,00127032;;;
50,467;0,064471;2099,8;0,00128942;;;
50,85;0,065426;2112,7;0,00130852;;;
51,217;0,066381;2125,5;0,00132762;;;
51,65;0,067336;2138,4;0,00134672;;;
52,017;0,067814;2151,2;0,00135628;;;
52,417;0,068769;2164,1;0,00137538;;;
52,867;0,069724;2176,9;0,00139448;;;
53,25;0,070202;2189,7;0,00140404;;;
53,683;0,071157;2202,6;0,00142314;;;
54,05;0,072589;2215,4;0,00145178;;;
54,5;0,073544;2228,3;0,00147088;;;
54,883;0,074022;2241,1;0,00148044;;;
55,267;0,075455;2254;0,0015091;;;
55,7;0,075932;2266,8;0,00151864;;;
56,083;0,077365;2279,7;0,0015473;;;
56,483;0,07832;2292,5;0,0015664;;;
56,867;0,079275;2305,3;0,0015855;;;
57,3;0,08023;2318,2;0,0016046;;;
57,75;0,081663;2331;0,00163326;;;
58,2;0,082618;2343,9;0,00165236;;;
58,633;0,083573;2356,7;0,00167146;;;
59,067;0,085006;2369,6;0,00170012;;;
59,5;0,085961;2382,4;0,00171922;;;
60;0,087394;2392;0,00174788;;;
60,35;0,088349;2404,9;0,00176698;;;
60,85;0,089304;2417,7;0,00178608;;;
61,35;0,090737;2427,3;0,00181474;;;
61,783;0,092169;2440,2;0,00184338;;;
62,283;0,093602;2449,8;0,00187204;;;
62,783;0,095512;2459,5;0,00191024;;;
63,233;0,096467;2472,3;0,00192934;;;
63,733;0,0979;2481,9;0,001958;;;
64,233;0,09981;2488,4;0,0019962;;;
64,733;0,10124;2501,2;0,0020248;;;
65,217;0,10315;2510,8;0,002063;;;
65,717;0,10459;2517,2;0,0020918;;;
66,217;0,10602;2526,9;0,0021204;;;
66,65;0,10793;2536,5;0,0021586;;;
67,15;0,10936;2539,7;0,0021872;;;
67,55;0,11127;2549,4;0,0022254;;;
68,05;0,1127;2555,8;0,002254;;;
68,483;0,11461;2562,2;0,0022922;;;
68,95;0,11652;2571,8;0,0023304;;;
69,417;0,11844;2578,3;0,0023688;;;
69,817;0,12035;2584,7;0,002407;;;
70,317;0,12178;2591,1;0,0024356;;;
70,717;0,12369;2597,5;0,0024738;;;
71,15;0,1256;2603,9;0,002512;;;
71,65;0,12751;2607,1;0,0025502;;;
72,1;0,12942;2613,6;0,0025884;;;
72,55;0,13133;2620;0,0026266;;;
73;0,13324;2626,4;0,0026648;;;
73,467;0,13515;2629,6;0,002703;;;
73,9;0,13706;2636;0,0027412;;;
74,3;0,13897;2639,3;0,0027794;;;
74,717;0,14088;2642,5;0,0028176;;;
75,067;0,14279;2648,9;0,0028558;;;
75,483;0,1447;2652,1;0,002894;;;
75,867;0,14661;2658,5;0,0029322;;;
76,233;0,14852;2658,5;0,0029704;;;
76,55;0,15043;2664,9;0,0030086;;;
76,933;0,15234;2668,2;0,0030468;;;
77,233;0,15425;2668,2;0,003085;;;
77,567;0,15616;2671,4;0,0031232;;;
77,917;0,15807;2677,8;0,0031614;;;
78,233;0,15998;2677,8;0,0031996;;;
78,533;0,16189;2681;0,0032378;;;
78,867;0,1638;2684,2;0,003276;;;
79,15;0,16571;2687,4;0,0033142;;;
79,433;0,16762;2690,6;0,0033524;;;
79,7;0,16953;2690,6;0,0033906;;;
80;0,17144;2697,1;0,0034288;;;
80,267;0,17335;2697,1;0,003467;;;
80,517;0,17527;2697,1;0,0035054;;;
80,783;0,17718;2703,5;0,0035436;;;
81,033;0,17909;2703,5;0,0035818;;;
81,333;0,181;2703,5;0,00362;;;
81,583;0,18291;2706,7;0,0036582;;;
81,817;0,18482;2706,7;0,0036964;;;
82,05;0,18673;2709,9;0,0037346;;;
82,333;0,18864;2709,9;0,0037728;;;
82,533;0,19055;2713,1;0,003811;;;
82,767;0,19246;2713,1;0,0038492;;;
83,033;0,19437;2713,1;0,0038874;;;
83,233;0,19628;2713,1;0,0039256;;;
83,45;0,19819;2719,5;0,0039638;;;
83,683;0,2001;2719,5;0,004002;;;
83,9;0,20201;2719,5;0,0040402;;;
84,15;0,20392;2722,7;0,0040784;;;
84,367;0,20583;2719,5;0,0041166;;;
84,583;0,20774;2722,7;0,0041548;;;
84,767;0,20965;2722,7;0,004193;;;
84,967;0,21156;2725,9;0,0042312;;;
85,183;0,21347;2725,9;0,0042694;;;
85,383;0,21538;2725,9;0,0043076;;;
85,6;0,21729;2725,9;0,0043458;;;
85,767;0,2192;2729,2;0,004384;;;
85,983;0,22111;2729,2;0,0044222;;;
86,183;0,22302;2729,2;0,0044604;;;
86,4;0,22493;2732,4;0,0044986;;;
86,583;0,22684;2732,4;0,0045368;;;
86,75;0,22875;2732,4;0,004575;;;
86,95;0,23066;2735,6;0,0046132;;;
87,15;0,23257;2735,6;0,0046514;;;
87,317;0,23448;2735,6;0,0046896;;;
87,517;0,23639;2735,6;0,0047278;;;
87,7;0,2383;2735,6;0,004766;;;
87,9;0,24021;2738,8;0,0048042;;;
88,05;0,24212;2738,8;0,0048424;;;
88,233;0,24403;2738,8;0,0048806;;;
88,383;0,24594;2738,8;0,0049188;;;
88,567;0,24785;2738,8;0,004957;;;
88,783;0,24976;2738,8;0,0049952;;;
88,933;0,25167;2738,8;0,0050334;;;
89,1;0,25359;2742;0,0050718;;;
89,267;0,2555;2742;0,00511;;;
89,45;0,25741;2742;0,0051482;;;
89,6;0,25932;2742;0,0051864;;;
89,783;0,26123;2742;0,0052246;;;
89,933;0,26314;2745,2;0,0052628;;;
90,117;0,26505;2745,2;0,005301;;;
90,267;0,26696;2745,2;0,0053392;;;
90,433;0,26887;2745,2;0,0053774;;;
90,6;0,27078;2745,2;0,0054156;;;
90,767;0,27269;2745,2;0,0054538;;;
90,933;0,2746;2745,2;0,005492;;;
91,083;0,27651;2748,4;0,0055302;;;
91,25;0,27842;2745,2;0,0055684;;;
91,417;0,28033;2748,4;0,0056066;;;
91,583;0,28224;2748,4;0,0056448;;;
91,733;0,28415;2748,4;0,005683;;;
91,867;0,28606;2748,4;0,0057212;;;
92,05;0,28797;2748,4;0,0057594;;;
92,2;0,28988;2748,4;0,0057976;;;
92,35;0,29179;2748,4;0,0058358;;;
92,517;0,2937;2751,6;0,005874;;;
92,667;0,29561;2748,4;0,0059122;;;
92,85;0,298;2751,6;0,00596;;;
93,017;0,29991;2751,6;0,0059982;;;
93,183;0,30182;2751,6;0,0060364;;;
93,35;0,30373;2751,6;0,0060746;;;
93,483;0,30564;2751,6;0,0061128;;;
93,7;0,30803;2754,8;0,0061606;;;
93,883;0,31041;2751,6;0,0062082;;;
94,083;0,3128;2754,8;0,006256;;;
94,267;0,31519;2751,6;0,0063038;;;
94,483;0,31758;2754,8;0,0063516;;;
94,65;0,31997;2754,8;0,0063994;;;
94,867;0,32235;2754,8;0,006447;;;
95,05;0,32474;2758,1;0,0064948;;;
95,25;0,32713;2754,8;0,0065426;;;
95,433;0,32952;2754,8;0,0065904;;;
95,633;0,33191;2754,8;0,0066382;;;
95,817;0,33429;2758,1;0,0066858;;;
96,017;0,33668;2758,1;0,0067336;;;
96,2;0,33907;2758,1;0,0067814;;;
96,367;0,34146;2758,1;0,0068292;;;
96,567;0,34384;2758,1;0,0068768;;;
96,733;0,34623;2758,1;0,0069246;;;
96,933;0,34862;2758,1;0,0069724;;;
97,117;0,35101;2761,3;0,0070202;;;
97,283;0,3534;2761,3;0,007068;;;
97,483;0,35578;2761,3;0,0071156;;;
97,667;0,35817;2761,3;0,0071634;;;
97,85;0,36056;2761,3;0,0072112;;;
98,033;0,36295;2761,3;0,007259;;;
98,217;0,36533;2761,3;0,0073066;;;
98,4;0,36772;2761,3;0,0073544;;;
98,617;0,37059;2761,3;0,0074118;;;
98,85;0,37345;2764,5;0,007469;;;
99,05;0,37632;2764,5;0,0075264;;;
99,283;0,37918;2764,5;0,0075836;;;
99,483;0,38205;2764,5;0,007641;;;
99,7;0,38491;2764,5;0,0076982;;;
99,9;0,38778;2764,5;0,0077556;;;
100,13;0,39065;2764,5;0,007813;;;
100,35;0,39351;2764,5;0,0078702;;;
100,55;0,39638;2764,5;0,0079276;;;
100,78;0,39972;2767,7;0,0079944;;;
101,02;0,40258;2767,7;0,0080516;;;
101,22;0,40545;2767,7;0,008109;;;
101,45;0,40831;2767,7;0,0081662;;;
101,67;0,41118;2767,7;0,0082236;;;
101,88;0,41405;2767,7;0,008281;;;
102,1;0,41691;2770,9;0,0083382;;;
102,32;0,41978;2770,9;0,0083956;;;
102,53;0,42264;2770,9;0,0084528;;;
102,73;0,42551;2767,7;0,0085102;;;
102,97;0,42837;2770,9;0,0085674;;;
103,2;0,43172;2770,9;0,0086344;;;
103,47;0,43506;2770,9;0,0087012;;;
103,7;0,4384;2770,9;0,008768;;;
103,95;0,44174;2770,9;0,0088348;;;
104,2;0,44509;2770,9;0,0089018;;;
104,45;0,44843;2774,1;0,0089686;;;
104,68;0,45177;2774,1;0,0090354;;;
104,93;0,45512;2770,9;0,0091024;;;
105,2;0,45846;2774,1;0,0091692;;;
105,43;0,4618;2774,1;0,009236;;;
105,7;0,46514;2774,1;0,0093028;;;
105,95;0,46849;2777,3;0,0093698;;;
106,17;0,47183;2774,1;0,0094366;;;
106,43;0,47517;2774,1;0,0095034;;;
106,68;0,47852;2774,1;0,0095704;;;
106,92;0,48186;2777,3;0,0096372;;;
107,17;0,4852;2777,3;0,009704;;;
107,42;0,48855;2777,3;0,009771;;;
107,67;0,49189;2780,5;0,0098378;;;
107,97;0,49571;2777,3;0,0099142;;;
108,23;0,49953;2780,5;0,0099906;;;
108,5;0,50335;2783,7;0,010067;;;
108,78;0,50717;2780,5;0,0101434;;;
109,07;0,51099;2780,5;0,0102198;;;
109,33;0,51481;2783,7;0,0102962;;;
109,62;0,51863;2780,5;0,0103726;;;
109,9;0,52245;2780,5;0,010449;;;
110,17;0,52627;2783,7;0,0105254;;;
110,45;0,53009;2780,5;0,0106018;;;
110,72;0,53391;2783,7;0,0106782;;;
110,98;0,53773;2787;0,0107546;;;
111,27;0,54155;2783,7;0,010831;;;
111,55;0,54538;2787;0,0109076;;;
111,8;0,5492;2783,7;0,010984;;;
112,08;0,55302;2787;0,0110604;;;
112,42;0,55731;2787;0,0111462;;;
112,73;0,56161;2787;0,0112322;;;
113,03;0,56591;2790,2;0,0113182;;;
113,35;0,57021;2790,2;0,0114042;;;
113,63;0,57451;2790,2;0,0114902;;;
113,97;0,5788;2787;0,011576;;;
114,28;0,5831;2790,2;0,011662;;;
114,6;0,5874;2790,2;0,011748;;;
114,92;0,5917;2793,4;0,011834;;;
115,23;0,596;2793,4;0,01192;;;
115,53;0,60029;2793,4;0,0120058;;;
115,87;0,60459;2793,4;0,0120918;;;
116,18;0,60889;2793,4;0,0121778;;;
116,5;0,61319;2796,6;0,0122638;;;
116,85;0,61796;2796,6;0,0123592;;;
117,2;0,62274;2796,6;0,0124548;;;
117,53;0,62752;2796,6;0,0125504;;;
117,88;0,63229;2796,6;0,0126458;;;
118,25;0,63707;2796,6;0,0127414;;;
118,6;0,64184;2799,8;0,0128368;;;
118,93;0,64662;2799,8;0,0129324;;;
119,28;0,65139;2799,8;0,0130278;;;
119,63;0,65617;2799,8;0,0131234;;;
119,98;0,66094;2803;0,0132188;;;
120,33;0,66572;2803;0,0133144;;;
120,68;0,6705;2803;0,01341;;;
121,03;0,67527;2803;0,0135054;;;
121,42;0,68052;2803;0,0136104;;;
121,82;0,68578;2806,2;0,0137156;;;
122,2;0,69103;2806,2;0,0138206;;;
122,6;0,69628;2806,2;0,0139256;;;
122,98;0,70154;2806,2;0,0140308;;;
123,37;0,70679;2806,2;0,0141358;;;
123,73;0,71204;2809,4;0,0142408;;;
124,13;0,7173;2809,4;0,014346;;;
124,52;0,72255;2809,4;0,014451;;;
124,88;0,7278;2809,4;0,014556;;;
125,3;0,73306;2809,4;0,0146612;;;
125,7;0,73831;2812,6;0,0147662;;;
126,13;0,74404;2812,6;0,0148808;;;
126,57;0,74977;2812,6;0,0149954;;;
126,98;0,7555;2812,6;0,01511;;;
127,4;0,76123;2812,6;0,0152246;;;
127,83;0,76696;2812,6;0,0153392;;;
128,28;0,77269;2815,8;0,0154538;;;
128,7;0,77843;2815,8;0,0155686;;;
129,13;0,78416;2815,8;0,0156832;;;
129,57;0,78989;2819,1;0,0157978;;;
129,98;0,79562;2819,1;0,0159124;;;
130,47;0,80183;2819,1;0,0160366;;;
130,92;0,80803;2819,1;0,0161606;;;
131,37;0,81424;2822,3;0,0162848;;;
131,83;0,82045;2822,3;0,016409;;;
132,3;0,82666;2822,3;0,0165332;;;
132,77;0,83287;2822,3;0,0166574;;;
133,23;0,83908;2825,5;0,0167816;;;
133,7;0,84528;2825,5;0,0169056;;;
134,17;0,85149;2825,5;0,0170298;;;
134,63;0,8577;2828,7;0,017154;;;
135,13;0,86391;2828,7;0,0172782;;;
135,63;0,87059;2828,7;0,0174118;;;
136,13;0,8768;2828,7;0,017536;;;
136,62;0,88349;2828,7;0,0176698;;;
137,12;0,8897;2831,9;0,017794;;;
137,62;0,89638;2831,9;0,0179276;;;
138,12;0,90307;2831,9;0,0180614;;;
138,62;0,90928;2831,9;0,0181856;;;
139,12;0,91549;2835,1;0,0183098;;;
139,6;0,92217;2835,1;0,0184434;;;
140,1;0,92838;2835,1;0,0185676;;;
140,6;0,93507;2838,3;0,0187014;;;
141,1;0,94127;2838,3;0,0188254;;;
141,6;0,94796;2838,3;0,0189592;;;
142,1;0,95465;2841,5;0,019093;;;
142,6;0,96085;2841,5;0,019217;;;
143,1;0,96706;2841,5;0,0193412;;;
143,6;0,97375;2841,5;0,019475;;;
144,1;0,97996;2841,5;0,0195992;;;
144,6;0,98616;2841,5;0,0197232;;;
145,1;0,99333;2844,7;0,0198666;;;
145,6;0,99954;2844,7;0,0199908;;;
146,1;1,0057;2844,7;0,020114;;;
146,6;1,0124;2848;0,020248;;;
147,1;1,0186;2848;0,020372;;;
147,6;1,0253;2851,2;0,020506;;;
148,1;1,0315;2848;0,02063;;;
148,6;1,0373;2851,2;0,020746;;;
149,1;1,0435;2851,2;0,02087;;;
149,6;1,0502;2854,4;0,021004;;;
150,1;1,0564;2851,2;0,021128;;;
150,6;1,0626;2854,4;0,021252;;;
151,1;1,0688;2854,4;0,021376;;;
151,6;1,0755;2857,6;0,02151;;;
152,1;1,0817;2857,6;0,021634;;;
152,6;1,0884;2857,6;0,021768;;;
153,1;1,0946;2857,6;0,021892;;;
153,6;1,1008;2857,6;0,022016;;;
154,1;1,107;2860,8;0,02214;;;
154,6;1,1132;2860,8;0,022264;;;
155,1;1,1194;2860,8;0,022388;;;
155,6;1,1256;2864;0,022512;;;
156,1;1,1318;2864;0,022636;;;
156,6;1,138;2864;0,02276;;;
157,1;1,1442;2867,2;0,022884;;;
157,6;1,1504;2867,2;0,023008;;;
158,1;1,1567;2867,2;0,023134;;;
158,6;1,1629;2867,2;0,023258;;;
159,1;1,1691;2867,2;0,023382;;;
159,6;1,1753;2867,2;0,023506;;;
160,1;1,1815;2870,4;0,02363;;;
160,6;1,1877;2870,4;0,023754;;;
161,1;1,1939;2870,4;0,023878;;;
161,6;1,2001;2873,6;0,024002;;;
162,1;1,2063;2870,4;0,024126;;;
162,6;1,2125;2870,4;0,02425;;;
163,1;1,2187;2873,6;0,024374;;;
163,6;1,2245;2873,6;0,02449;;;
164,1;1,2307;2876,9;0,024614;;;
164,6;1,2369;2876,9;0,024738;;;
165,1;1,2431;2876,9;0,024862;;;
165,6;1,2493;2876,9;0,024986;;;
166,1;1,255;2880,1;0,0251;;;
166,6;1,2612;2880,1;0,025224;;;
167,1;1,2674;2880,1;0,025348;;;
167,6;1,2737;2880,1;0,025474;;;
168,1;1,2794;2880,1;0,025588;;;
168,6;1,2856;2880,1;0,025712;;;
169,1;1,2918;2880,1;0,025836;;;
169,6;1,2975;2883,3;0,02595;;;
170,1;1,3037;2883,3;0,026074;;;
170,6;1,31;2886,5;0,0262;;;
171,1;1,3162;2886,5;0,026324;;;
171,6;1,3219;2886,5;0,026438;;;
172,1;1,3281;2886,5;0,026562;;;
172,6;1,3343;2889,7;0,026686;;;
173,1;1,3405;2889,7;0,02681;;;
173,6;1,3467;2889,7;0,026934;;;
174,1;1,3529;2889,7;0,027058;;;
174,6;1,3587;2889,7;0,027174;;;
175,1;1,3649;2892,9;0,027298;;;
175,6;1,3711;2892,9;0,027422;;;
176,1;1,3773;2892,9;0,027546;;;
176,6;1,3835;2892,9;0,02767;;;
177,1;1,3892;2892,9;0,027784;;;
177,6;1,3954;2892,9;0,027908;;;
178,1;1,4016;2896,1;0,028032;;;
178,6;1,4074;2896,1;0,028148;;;
179,1;1,4136;2896,1;0,028272;;;
179,6;1,4198;2896,1;0,028396;;;
180,1;1,426;2896,1;0,02852;;;
180,6;1,4322;2899,3;0,028644;;;
181,1;1,4379;2899,3;0,028758;;;
181,6;1,4441;2902,5;0,028882;;;
182,1;1,4499;2899,3;0,028998;;;
182,6;1,4561;2902,5;0,029122;;;
183,1;1,4623;2902,5;0,029246;;;
183,6;1,4685;2905,8;0,02937;;;
184,1;1,4742;2902,5;0,029484;;;
184,6;1,4804;2902,5;0,029608;;;
185,1;1,4866;2905,8;0,029732;;;
185,6;1,4924;2905,8;0,029848;;;
186,1;1,4986;2905,8;0,029972;;;
186,6;1,5043;2905,8;0,030086;;;
187,1;1,511;2909;0,03022;;;
187,6;1,5167;2905,8;0,030334;;;
188,1;1,5225;2905,8;0,03045;;;
188,6;1,5287;2905,8;0,030574;;;
189,1;1,5349;2909;0,030698;;;
189,6;1,5406;2909;0,030812;;;
190,1;1,5463;2909;0,030926;;;
190,6;1,5526;2912,2;0,031052;;;
191,1;1,5588;2912,2;0,031176;;;
191,6;1,5645;2912,2;0,03129;;;
192,1;1,5707;2912,2;0,031414;;;
192,6;1,5769;2912,2;0,031538;;;
193,1;1,5831;2915,4;0,031662;;;
193,6;1,5888;2915,4;0,031776;;;
194,1;1,5951;2915,4;0,031902;;;
194,6;1,6008;2915,4;0,032016;;;
195,1;1,607;2915,4;0,03214;;;
195,6;1,6132;2918,6;0,032264;;;
196,1;1,6194;2918,6;0,032388;;;
196,6;1,6251;2918,6;0,032502;;;
197,1;1,6313;2918,6;0,032626;;;
197,6;1,6371;2918,6;0,032742;;;
198,1;1,6433;2918,6;0,032866;;;
198,6;1,649;2921,8;0,03298;;;
199,1;1,6552;2921,8;0,033104;;;
199,6;1,6614;2921,8;0,033228;;;
200,1;1,6672;2921,8;0,033344;;;
200,6;1,6729;2921,8;0,033458;;;
201,1;1,6791;2921,8;0,033582;;;
201,6;1,6853;2925;0,033706;;;
202,1;1,6915;2925;0,03383;;;
202,6;1,6973;2925;0,033946;;;
203,1;1,7035;2925;0,03407;;;
203,6;1,7097;2925;0,034194;;;
204,1;1,7159;2925;0,034318;;;
204,6;1,7216;2928,2;0,034432;;;
205,1;1,7278;2928,2;0,034556;;;
205,6;1,7335;2928,2;0,03467;;;
206,1;1,7398;2928,2;0,034796;;;
206,6;1,746;2928,2;0,03492;;;
207,1;1,7522;2931,4;0,035044;;;
207,6;1,7584;2928,2;0,035168;;;
208,1;1,7641;2931,4;0,035282;;;
208,6;1,7698;2934,6;0,035396;;;
209,1;1,7761;2931,4;0,035522;;;
209,6;1,7823;2931,4;0,035646;;;
210,1;1,7885;2931,4;0,03577;;;
210,6;1,7942;2934,6;0,035884;;;
211,1;1,8004;2931,4;0,036008;;;
211,6;1,8061;2934,6;0,036122;;;
212,1;1,8123;2934,6;0,036246;;;
212,6;1,8186;2934,6;0,036372;;;
213,1;1,8243;2934,6;0,036486;;;
213,6;1,8305;2934,6;0,03661;;;
214,1;1,8367;2937,9;0,036734;;;
214,6;1,8429;2937,9;0,036858;;;
215,1;1,8491;2937,9;0,036982;;;
215,6;1,8553;2937,9;0,037106;;;
216,1;1,8615;2937,9;0,03723;;;
216,6;1,8677;2941,1;0,037354;;;
217,1;1,874;2941,1;0,03748;;;
217,6;1,8802;2941,1;0,037604;;;
218,1;1,8859;2941,1;0,037718;;;
218,6;1,8921;2941,1;0,037842;;;
219,1;1,8983;2941,1;0,037966;;;
219,6;1,9045;2941,1;0,03809;;;
220,1;1,9102;2941,1;0,038204;;;
220,6;1,9165;2941,1;0,03833;;;
221,1;1,9227;2941,1;0,038454;;;
221,6;1,9289;2944,3;0,038578;;;
222,1;1,9351;2941,1;0,038702;;;
222,6;1,9413;2944,3;0,038826;;;
223,1;1,947;2944,3;0,03894;;;
223,6;1,9532;2944,3;0,039064;;;
224,1;1,9594;2947,5;0,039188;;;
224,6;1,9652;2947,5;0,039304;;;
225,1;1,9714;2947,5;0,039428;;;
225,6;1,9776;2947,5;0,039552;;;
226,1;1,9838;2947,5;0,039676;;;
226,6;1,99;2947,5;0,0398;;;
227,1;1,9962;2947,5;0,039924;;;
227,6;2,0024;2950,7;0,040048;;;
228,1;2,0086;2950,7;0,040172;;;
228,6;2,0144;2947,5;0,040288;;;
229,1;2,0206;2947,5;0,040412;;;
229,6;2,0268;2950,7;0,040536;;;
230,1;2,033;2950,7;0,04066;;;
230,6;2,0387;2950,7;0,040774;;;
231,1;2,0449;2950,7;0,040898;;;
231,6;2,0511;2950,7;0,041022;;;
232,1;2,0573;2953,9;0,041146;;;
232,6;2,0635;2953,9;0,04127;;;
233,1;2,0693;2950,7;0,041386;;;
233,6;2,0755;2953,9;0,04151;;;
234,1;2,0822;2953,9;0,041644;;;
234,6;2,0879;2953,9;0,041758;;;
235,1;2,0941;2953,9;0,041882;;;
235,6;2,1003;2957,1;0,042006;;;
236,1;2,1065;2953,9;0,04213;;;
236,6;2,1127;2953,9;0,042254;;;
237,1;2,1189;2957,1;0,042378;;;
237,6;2,1251;2957,1;0,042502;;;
238,1;2,1314;2957,1;0,042628;;;
238,6;2,1376;2957,1;0,042752;;;
239,1;2,1438;2957,1;0,042876;;;
239,6;2,1495;2957,1;0,04299;;;
240,1;2,1562;2957,1;0,043124;;;
240,6;2,1619;2960,3;0,043238;;;
241,1;2,1681;2957,1;0,043362;;;
241,6;2,1743;2957,1;0,043486;;;
242,1;2,1805;2960,3;0,04361;;;
242,6;2,1868;2960,3;0,043736;;;
243,1;2,193;2960,3;0,04386;;;
243,6;2,1992;2960,3;0,043984;;;
244,1;2,2054;2960,3;0,044108;;;
244,6;2,2116;2960,3;0,044232;;;
245,1;2,2178;2960,3;0,044356;;;
245,6;2,224;2960,3;0,04448;;;
246,1;2,2307;2963,5;0,044614;;;
246,6;2,2369;2963,5;0,044738;;;
247,1;2,2431;2963,5;0,044862;;;
247,6;2,2493;2963,5;0,044986;;;
248,1;2,2555;2963,5;0,04511;;;
248,6;2,2617;2963,5;0,045234;;;
249,1;2,2679;2963,5;0,045358;;;
249,6;2,2741;2963,5;0,045482;;;
250,1;2,2804;2966,8;0,045608;;;
250,6;2,2861;2963,5;0,045722;;;
251,1;2,2928;2963,5;0,045856;;;
251,6;2,2985;2966,8;0,04597;;;
252,1;2,3052;2966,8;0,046104;;;
252,6;2,3109;2966,8;0,046218;;;
253,1;2,3176;2966,8;0,046352;;;
253,6;2,3233;2966,8;0,046466;;;
254,1;2,33;2966,8;0,0466;;;
254,6;2,3362;2970;0,046724;;;
255,1;2,3429;2966,8;0,046858;;;
255,6;2,3486;2970;0,046972;;;
256,1;2,3553;2970;0,047106;;;
256,6;2,3615;2966,8;0,04723;;;
257,1;2,3677;2970;0,047354;;;
257,6;2,374;2970;0,04748;;;
258,1;2,3806;2970;0,047612;;;
258,6;2,3864;2970;0,047728;;;
259,1;2,3931;2970;0,047862;;;
259,6;2,3993;2970;0,047986;;;
260,1;2,4055;2970;0,04811;;;
260,6;2,4112;2970;0,048224;;;
261,1;2,4174;2970;0,048348;;;
261,6;2,4241;2970;0,048482;;;
262,1;2,4303;2973,2;0,048606;;;
262,6;2,4365;2970;0,04873;;;
263,1;2,4427;2973,2;0,048854;;;
263,6;2,4489;2973,2;0,048978;;;
264,1;2,4551;2973,2;0,049102;;;
264,6;2,4618;2973,2;0,049236;;;
265,1;2,468;2973,2;0,04936;;;
265,6;2,4742;2973,2;0,049484;;;
266,1;2,4805;2973,2;0,04961;;;
266,6;2,4867;2973,2;0,049734;;;
267,1;2,4933;2976,4;0,049866;;;
267,6;2,4996;2973,2;0,049992;;;
268,1;2,5058;2976,4;0,050116;;;
268,6;2,5125;2976,4;0,05025;;;
269,1;2,5187;2976,4;0,050374;;;
269,6;2,5249;2976,4;0,050498;;;
270,1;2,5311;2976,4;0,050622;;;
270,6;2,5378;2976,4;0,050756;;;
271,1;2,544;2976,4;0,05088;;;
271,6;2,5502;2976,4;0,051004;;;
272,1;2,5569;2973,2;0,051138;;;
272,6;2,5631;2976,4;0,051262;;;
273,1;2,5693;2976,4;0,051386;;;
273,6;2,576;2976,4;0,05152;;;
274,1;2,5822;2976,4;0,051644;;;
274,6;2,5884;2976,4;0,051768;;;
275,1;2,5951;2976,4;0,051902;;;
275,6;2,6013;2979,6;0,052026;;;
276,1;2,608;2979,6;0,05216;;;
276,6;2,6142;2979,6;0,052284;;;
277,1;2,6209;2979,6;0,052418;;;
277,6;2,6271;2979,6;0,052542;;;
278,1;2,6338;2979,6;0,052676;;;
278,6;2,64;2979,6;0,0528;;;
279,1;2,6462;2979,6;0,052924;;;
279,6;2,6529;2979,6;0,053058;;;
280,1;2,6595;2979,6;0,05319;;;
280,6;2,6657;2979,6;0,053314;;;
281,1;2,6724;2979,6;0,053448;;;
281,6;2,6786;2979,6;0,053572;;;
282,1;2,6848;2979,6;0,053696;;;
282,6;2,6915;2979,6;0,05383;;;
283,1;2,6977;2982,8;0,053954;;;
283,6;2,7044;2982,8;0,054088;;;
284,1;2,7106;2982,8;0,054212;;;
284,6;2,7168;2982,8;0,054336;;;
285,1;2,7235;2979,6;0,05447;;;
285,6;2,7302;2979,6;0,054604;;;
286,1;2,7364;2982,8;0,054728;;;
286,6;2,7431;2982,8;0,054862;;;
287,1;2,7493;2982,8;0,054986;;;
287,6;2,7555;2982,8;0,05511;;;
288,1;2,7627;2982,8;0,055254;;;
288,6;2,7689;2982,8;0,055378;;;
289,1;2,7751;2982,8;0,055502;;;
289,6;2,7818;2982,8;0,055636;;;
290,1;2,7885;2982,8;0,05577;;;
290,6;2,7947;2986;0,055894;;;
291,1;2,8009;2982,8;0,056018;;;
291,6;2,8076;2982,8;0,056152;;;
292,1;2,8138;2986;0,056276;;;
292,6;2,8205;2982,8;0,05641;;;
293,1;2,8267;2982,8;0,056534;;;
293,6;2,8334;2982,8;0,056668;;;
294,1;2,8396;2986;0,056792;;;
294,6;2,8463;2986;0,056926;;;
295,1;2,853;2986;0,05706;;;
295,6;2,8596;2986;0,057192;;;
296,1;2,8658;2986;0,057316;;;
296,6;2,8725;2986;0,05745;;;
297,1;2,8787;2986;0,057574;;;
297,6;2,8859;2986;0,057718;;;
298,1;2,8921;2986;0,057842;;;
298,6;2,8988;2986;0,057976;;;
299,1;2,905;2986;0,0581;;;
299,6;2,9117;2986;0,058234;;;
300,1;2,9184;2986;0,058368;;;
300,6;2,9246;2986;0,058492;;;
301,1;2,9308;2986;0,058616;;;
301,6;2,9375;2982,8;0,05875;;;
302,1;2,9437;2986;0,058874;;;
302,6;2,9504;2986;0,059008;;;
303,1;2,9571;2986;0,059142;;;
303,6;2,9633;2986;0,059266;;;
304,1;2,97;2986;0,0594;;;
304,6;2,9762;2986;0,059524;;;
305,1;2,9833;2989,2;0,059666;;;
305,6;2,9895;2989,2;0,05979;;;
306,1;2,9962;2989,2;0,059924;;;
306,6;3,0029;2986;0,060058;;;
307,1;3,0096;2989,2;0,060192;;;
307,6;3,0158;2989,2;0,060316;;;
308,1;3,0225;2989,2;0,06045;;;
308,6;3,0292;2989,2;0,060584;;;
309,1;3,0359;2989,2;0,060718;;;
309,6;3,0425;2989,2;0,06085;;;
310,1;3,0492;2989,2;0,060984;;;
310,6;3,0559;2989,2;0,061118;;;
311,1;3,0626;2989,2;0,061252;;;
311,6;3,0688;2989,2;0,061376;;;
312,1;3,0755;2989,2;0,06151;;;
312,6;3,0822;2989,2;0,061644;;;
313,1;3,0884;2989,2;0,061768;;;
313,6;3,0951;2989,2;0,061902;;;
314,1;3,1013;2989,2;0,062026;;;
314,6;3,108;2989,2;0,06216;;;
315,1;3,1147;2989,2;0,062294;;;
315,6;3,1213;2989,2;0,062426;;;
316,1;3,128;2989,2;0,06256;;;
316,6;3,1347;2989,2;0,062694;;;
317,1;3,1414;2989,2;0,062828;;;
317,6;3,1481;2989,2;0,062962;;;
318,1;3,1548;2989,2;0,063096;;;
318,6;3,1615;2992,4;0,06323;;;
319,1;3,1681;2989,2;0,063362;;;
319,6;3,1748;2989,2;0,063496;;;
320,1;3,1815;2989,2;0,06363;;;
320,6;3,1882;2992,4;0,063764;;;
321,1;3,1949;2989,2;0,063898;;;
321,6;3,2016;2989,2;0,064032;;;
322,1;3,2078;2989,2;0,064156;;;
322,6;3,2145;2989,2;0,06429;;;
323,1;3,2212;2989,2;0,064424;;;
323,6;3,2278;2989,2;0,064556;;;
324,1;3,2345;2992,4;0,06469;;;
324,6;3,2412;2992,4;0,064824;;;
325,1;3,2479;2992,4;0,064958;;;
325,6;3,2546;2992,4;0,065092;;;
326,1;3,2613;2992,4;0,065226;;;
326,6;3,2675;2992,4;0,06535;;;
327,1;3,2742;2992,4;0,065484;;;
327,6;3,2813;2992,4;0,065626;;;
328,1;3,288;2992,4;0,06576;;;
328,6;3,2947;2995,7;0,065894;;;
329,1;3,3014;2992,4;0,066028;;;
329,6;3,3081;2992,4;0,066162;;;
330,1;3,3148;2992,4;0,066296;;;
330,6;3,321;2992,4;0,06642;;;
331,1;3,3281;2992,4;0,066562;;;
331,6;3,3348;2992,4;0,066696;;;
332,1;3,3415;2989,2;0,06683;;;
332,6;3,3482;2992,4;0,066964;;;
333,1;3,3549;2992,4;0,067098;;;
333,6;3,3616;2992,4;0,067232;;;
334,1;3,3682;2992,4;0,067364;;;
334,6;3,3749;2992,4;0,067498;;;
335,1;3,3816;2992,4;0,067632;;;
335,6;3,3878;2992,4;0,067756;;;
336,1;3,395;2995,7;0,0679;;;
336,6;3,4017;2992,4;0,068034;;;
337,1;3,4084;2992,4;0,068168;;;
337,6;3,415;2992,4;0,0683;;;
338,1;3,4222;2992,4;0,068444;;;
338,6;3,4284;2992,4;0,068568;;;
339,1;3,4361;2992,4;0,068722;;;
339,6;3,4427;2992,4;0,068854;;;
340,1;3,4494;2992,4;0,068988;;;
340,6;3,4566;2992,4;0,069132;;;
341,1;3,4633;2992,4;0,069266;;;
341,6;3,47;2992,4;0,0694;;;
342,1;3,4771;2992,4;0,069542;;;
342,6;3,4838;2992,4;0,069676;;;
343,1;3,49;2992,4;0,0698;;;
343,6;3,4972;2992,4;0,069944;;;
344,1;3,5039;2992,4;0,070078;;;
344,6;3,5106;2992,4;0,070212;;;
345,1;3,5172;2992,4;0,070344;;;
345,6;3,5244;2992,4;0,070488;;;
346,1;3,5311;2992,4;0,070622;;;
346,6;3,5378;2992,4;0,070756;;;
347,1;3,5449;2992,4;0,070898;;;
347,6;3,5521;2992,4;0,071042;;;
348,1;3,5588;2992,4;0,071176;;;
348,6;3,5655;2992,4;0,07131;;;
349,1;3,5726;2992,4;0,071452;;;
349,6;3,5793;2992,4;0,071586;;;
350,1;3,586;2992,4;0,07172;;;
350,6;3,5932;2992,4;0,071864;;;
351,1;3,5999;2995,7;0,071998;;;
351,6;3,6065;2992,4;0,07213;;;
352,1;3,6142;2995,7;0,072284;;;
352,6;3,6209;2992,4;0,072418;;;
353,1;3,6276;2992,4;0,072552;;;
353,6;3,6347;2995,7;0,072694;;;
354,1;3,6414;2992,4;0,072828;;;
354,6;3,6481;2992,4;0,072962;;;
355,1;3,6553;2992,4;0,073106;;;
355,6;3,6615;2995,7;0,07323;;;
356,1;3,6686;2992,4;0,073372;;;
356,6;3,6758;2992,4;0,073516;;;
357,1;3,6825;2992,4;0,07365;;;
357,6;3,6892;2992,4;0,073784;;;
358,1;3,6963;2992,4;0,073926;;;
358,6;3,7035;2992,4;0,07407;;;
359,1;3,7102;2992,4;0,074204;;;
359,6;3,7173;2992,4;0,074346;;;
360,1;3,7245;2992,4;0,07449;;;
360,6;3,7312;2992,4;0,074624;;;
361,1;3,7384;2992,4;0,074768;;;
361,6;3,7455;2992,4;0,07491;;;
362,1;3,7522;2992,4;0,075044;;;
362,6;3,7594;2992,4;0,075188;;;
363,1;3,766;2995,7;0,07532;;;
363,6;3,7732;2992,4;0,075464;;;
364,1;3,7799;2992,4;0,075598;;;
364,6;3,7871;2992,4;0,075742;;;
365,1;3,7937;2992,4;0,075874;;;
365,6;3,8009;2992,4;0,076018;;;
366,1;3,8076;2992,4;0,076152;;;
366,6;3,8148;2992,4;0,076296;;;
367,1;3,8214;2992,4;0,076428;;;
367,6;3,8286;2992,4;0,076572;;;
368,1;3,8358;2992,4;0,076716;;;
368,6;3,8425;2992,4;0,07685;;;
369,1;3,8496;2992,4;0,076992;;;
369,6;3,8568;2995,7;0,077136;;;
370,1;3,8635;2992,4;0,07727;;;
370,6;3,8706;2992,4;0,077412;;;
371,1;3,8773;2992,4;0,077546;;;
371,6;3,8845;2995,7;0,07769;;;
372,1;3,8916;2992,4;0,077832;;;
372,6;3,8988;2992,4;0,077976;;;
373,1;3,9055;2992,4;0,07811;;;
373,6;3,9127;2992,4;0,078254;;;
374,1;3,9198;2989,2;0,078396;;;
374,6;3,927;2992,4;0,07854;;;
375,1;3,9337;2992,4;0,078674;;;
375,6;3,9408;2992,4;0,078816;;;
376,1;3,9475;2989,2;0,07895;;;
376,6;3,9552;2992,4;0,079104;;;
377,1;3,9618;2992,4;0,079236;;;
377,6;3,969;2992,4;0,07938;;;
378,1;3,9762;2992,4;0,079524;;;
378,6;3,9833;2992,4;0,079666;;;
379,1;3,9905;2992,4;0,07981;;;
379,6;3,9972;2992,4;0,079944;;;
380,1;4,0044;2992,4;0,080088;;;
380,6;4,012;2992,4;0,08024;;;
381,1;4,0187;2992,4;0,080374;;;
381,6;4,0263;2992,4;0,080526;;;
382,1;4,0335;2992,4;0,08067;;;
382,6;4,0406;2992,4;0,080812;;;
383,1;4,0478;2992,4;0,080956;;;
383,6;4,055;2992,4;0,0811;;;
384,1;4,0617;2992,4;0,081234;;;
384,6;4,0688;2989,2;0,081376;;;
385,1;4,076;2992,4;0,08152;;;
385,6;4,0831;2992,4;0,081662;;;
386,1;4,0903;2989,2;0,081806;;;
386,6;4,097;2992,4;0,08194;;;
387,1;4,1042;2992,4;0,082084;;;
387,6;4,1118;2992,4;0,082236;;;
388,1;4,119;2992,4;0,08238;;;
388,6;4,1261;2992,4;0,082522;;;
389,1;4,1333;2989,2;0,082666;;;
389,6;4,1405;2992,4;0,08281;;;
390,1;4,1476;2992,4;0,082952;;;
390,6;4,1548;2992,4;0,083096;;;
391,1;4,1619;2992,4;0,083238;;;
391,6;4,1696;2992,4;0,083392;;;
392,1;4,1763;2992,4;0,083526;;;
392,6;4,1839;2992,4;0,083678;;;
393,1;4,1911;2992,4;0,083822;;;
393,6;4,1982;2989,2;0,083964;;;
394,1;4,2054;2992,4;0,084108;;;
394,6;4,2126;2992,4;0,084252;;;
395,1;4,2197;2989,2;0,084394;;;
395,6;4,2269;2989,2;0,084538;;;
396,1;4,2341;2992,4;0,084682;;;
396,6;4,2412;2992,4;0,084824;;;
397,1;4,2484;2992,4;0,084968;;;
397,6;4,2555;2989,2;0,08511;;;
398,1;4,2627;2989,2;0,085254;;;
398,6;4,2704;2989,2;0,085408;;;
399,1;4,2775;2992,4;0,08555;;;
399,6;4,2847;2989,2;0,085694;;;
400,1;4,2918;2989,2;0,085836;;;
400,6;4,2995;2992,4;0,08599;;;
401,1;4,3066;2989,2;0,086132;;;
401,6;4,3143;2989,2;0,086286;;;
402,1;4,3215;2989,2;0,08643;;;
402,6;4,3286;2989,2;0,086572;;;
403,1;4,3358;2989,2;0,086716;;;
403,6;4,3434;2992,4;0,086868;;;
404,1;4,3506;2989,2;0,087012;;;
404,6;4,3582;2989,2;0,087164;;;
405,1;4,3654;2989,2;0,087308;;;
405,6;4,3726;2986;0,087452;;;
406,1;4,3797;2989,2;0,087594;;;
406,6;4,3874;2989,2;0,087748;;;
407,1;4,3945;2989,2;0,08789;;;
407,6;4,4017;2989,2;0,088034;;;
408,1;4,4093;2989,2;0,088186;;;
408,6;4,4165;2989,2;0,08833;;;
409,1;4,4241;2989,2;0,088482;;;
409,6;4,4313;2989,2;0,088626;;;
410,1;4,4389;2989,2;0,088778;;;
410,6;4,4461;2989,2;0,088922;;;
411,1;4,4533;2989,2;0,089066;;;
411,6;4,4604;2989,2;0,089208;;;
412,1;4,4685;2986;0,08937;;;
412,6;4,4762;2989,2;0,089524;;;
413,1;4,4833;2989,2;0,089666;;;
413,6;4,4905;2989,2;0,08981;;;
414,1;4,4982;2989,2;0,089964;;;
414,6;4,5058;2989,2;0,090116;;;
415,1;4,513;2986;0,09026;;;
415,6;4,5206;2989,2;0,090412;;;
416,1;4,5278;2989,2;0,090556;;;
416,6;4,5354;2989,2;0,090708;;;
417,1;4,5426;2986;0,090852;;;
417,6;4,5497;2989,2;0,090994;;;
418,1;4,5574;2989,2;0,091148;;;
418,6;4,5641;2986;0,091282;;;
419,1;4,5717;2989,2;0,091434;;;
419,6;4,5793;2986;0,091586;;;
420,1;4,5865;2986;0,09173;;;
420,6;4,5941;2986;0,091882;;;
421,1;4,6013;2986;0,092026;;;
421,6;4,6089;2989,2;0,092178;;;
422,1;4,6166;2986;0,092332;;;
422,6;4,6242;2989,2;0,092484;;;
423,1;4,6314;2986;0,092628;;;
423,6;4,6386;2986;0,092772;;;
424,1;4,6462;2986;0,092924;;;
424,6;4,6538;2986;0,093076;;;
425,1;4,6605;2986;0,09321;;;
425,6;4,6677;2986;0,093354;;;
426,1;4,6758;2986;0,093516;;;
426,6;4,6825;2986;0,09365;;;
427,1;4,6897;2986;0,093794;;;
427,6;4,6973;2982,8;0,093946;;;
428,1;4,7049;2986;0,094098;;;
428,6;4,7121;2986;0,094242;;;
429,1;4,7197;2986;0,094394;;;
429,6;4,7269;2986;0,094538;;;
430,1;4,735;2986;0,0947;;;
430,6;4,7422;2986;0,094844;;;
431,1;4,7493;2986;0,094986;;;
431,6;4,7575;2986;0,09515;;;
432,1;4,7646;2986;0,095292;;;
432,6;4,7718;2982,8;0,095436;;;
433,1;4,7794;2982,8;0,095588;;;
433,6;4,7871;2982,8;0,095742;;;
434,1;4,7942;2986;0,095884;;;
434,6;4,8019;2982,8;0,096038;;;
435,1;4,8095;2986;0,09619;;;
435,6;4,8172;2982,8;0,096344;;;
436,1;4,8243;2986;0,096486;;;
436,6;4,8315;2982,8;0,09663;;;
437,1;4,8391;2982,8;0,096782;;;
437,6;4,8468;2986;0,096936;;;
438,1;4,8544;2982,8;0,097088;;;
438,6;4,8616;2982,8;0,097232;;;
439,1;4,8692;2982,8;0,097384;;;
439,6;4,8764;2982,8;0,097528;;;
440,1;4,884;2982,8;0,09768;;;
440,6;4,8912;2982,8;0,097824;;;
441,1;4,8988;2982,8;0,097976;;;
441,6;4,9065;2982,8;0,09813;;;
442,1;4,9141;2982,8;0,098282;;;
442,6;4,9217;2982,8;0,098434;;;
443,1;4,9289;2982,8;0,098578;;;
443,6;4,9366;2982,8;0,098732;;;
444,1;4,9442;2979,6;0,098884;;;
444,6;4,9518;2982,8;0,099036;;;
445,1;4,9595;2982,8;0,09919;;;
445,6;4,9671;2982,8;0,099342;;;
446,1;4,9743;2979,6;0,099486;;;
446,6;4,9814;2976,4;0,099628;;;
447,1;4,9891;2982,8;0,099782;;;
447,6;4,9967;2982,8;0,099934;;;
448,1;5,0044;2979,6;0,100088;;;
448,6;5,0115;2982,8;0,10023;;;
449,1;5,0192;2982,8;0,100384;;;
449,6;5,0268;2982,8;0,100536;;;
450,1;5,034;2979,6;0,10068;;;
450,6;5,0416;2982,8;0,100832;;;
451,1;5,0493;2979,6;0,100986;;;
451,6;5,0564;2982,8;0,101128;;;
452,1;5,0636;2979,6;0,101272;;;
452,6;5,0717;2979,6;0,101434;;;
453,1;5,0789;2979,6;0,101578;;;
453,6;5,0865;2979,6;0,10173;;;
454,1;5,0941;2979,6;0,101882;;;
454,6;5,1013;2979,6;0,102026;;;
455,1;5,109;2979,6;0,10218;;;
455,6;5,1166;2979,6;0,102332;;;
456,1;5,1242;2979,6;0,102484;;;
456,6;5,1319;2979,6;0,102638;;;
457,1;5,1395;2979,6;0,10279;;;
457,6;5,1472;2979,6;0,102944;;;
458,1;5,1548;2976,4;0,103096;;;
458,6;5,162;2976,4;0,10324;;;
459,1;5,1696;2979,6;0,103392;;;
459,6;5,1772;2979,6;0,103544;;;
460,1;5,1849;2979,6;0,103698;;;
460,6;5,1925;2976,4;0,10385;;;
461,1;5,2002;2979,6;0,104004;;;
461,6;5,2083;2976,4;0,104166;;;
462,1;5,2154;2976,4;0,104308;;;
462,6;5,2236;2976,4;0,104472;;;
463,1;5,2307;2976,4;0,104614;;;
463,6;5,2388;2976,4;0,104776;;;
464,1;5,2465;2976,4;0,10493;;;
464,6;5,2541;2976,4;0,105082;;;
465,1;5,2618;2976,4;0,105236;;;
465,6;5,2699;2976,4;0,105398;;;
466,1;5,2775;2976,4;0,10555;;;
466,6;5,2847;2976,4;0,105694;;;
467,1;5,2923;2976,4;0,105846;;;
467,6;5,3005;2976,4;0,10601;;;
468,1;5,3081;2976,4;0,106162;;;
468,6;5,3157;2976,4;0,106314;;;
469,1;5,3234;2976,4;0,106468;;;
469,6;5,3315;2976,4;0,10663;;;
470,1;5,3387;2976,4;0,106774;;;
470,6;5,3463;2973,2;0,106926;;;
471,1;5,3544;2973,2;0,107088;;;
471,6;5,3621;2976,4;0,107242;;;
472,1;5,3702;2973,2;0,107404;;;
472,6;5,3778;2973,2;0,107556;;;
473,1;5,3859;2973,2;0,107718;;;
473,6;5,3936;2973,2;0,107872;;;
474,1;5,4012;2976,4;0,108024;;;
474,6;5,4093;2973,2;0,108186;;;
475,1;5,4165;2973,2;0,10833;;;
475,6;5,4246;2973,2;0,108492;;;
476,1;5,4327;2976,4;0,108654;;;
476,6;5,4404;2973,2;0,108808;;;
477,1;5,4485;2973,2;0,10897;;;
477,6;5,4561;2973,2;0,109122;;;
478,1;5,4638;2973,2;0,109276;;;
478,6;5,4714;2976,4;0,109428;;;
479,1;5,4791;2973,2;0,109582;;;
479,6;5,4872;2973,2;0,109744;;;
480,1;5,4948;2970;0,109896;;;
480,6;5,5025;2970;0,11005;;;
481,1;5,5106;2973,2;0,110212;;;
481,6;5,5187;2973,2;0,110374;;;
482,1;5,5263;2970;0,110526;;;
482,6;5,534;2973,2;0,11068;;;
483,1;5,5421;2970;0,110842;;;
483,6;5,5502;2970;0,111004;;;
484,1;5,5579;2973,2;0,111158;;;
484,6;5,566;2970;0,11132;;;
485,1;5,5741;2966,8;0,111482;;;
485,6;5,5817;2970;0,111634;;;
486,1;5,5899;2970;0,111798;;;
486,6;5,5975;2970;0,11195;;;
487,1;5,6051;2970;0,112102;;;
487,6;5,6133;2970;0,112266;;;
488,1;5,6209;2970;0,112418;;;
488,6;5,629;2970;0,11258;;;
489,1;5,6371;2970;0,112742;;;
489,6;5,6453;2966,8;0,112906;;;
490,1;5,6529;2970;0,113058;;;
490,6;5,661;2966,8;0,11322;;;
491,1;5,6687;2966,8;0,113374;;;
491,6;5,6768;2970;0,113536;;;
492,1;5,6844;2966,8;0,113688;;;
492,6;5,6925;2966,8;0,11385;;;
493,1;5,7007;2966,8;0,114014;;;
493,6;5,7083;2966,8;0,114166;;;
494,1;5,7164;2966,8;0,114328;;;
494,6;5,7245;2966,8;0,11449;;;
495,1;5,7326;2966,8;0,114652;;;
495,6;5,7403;2966,8;0,114806;;;
496,1;5,7484;2966,8;0,114968;;;
496,6;5,7565;2963,5;0,11513;;;
497,1;5,7642;2963,5;0,115284;;;
497,6;5,7723;2963,5;0,115446;;;
498,1;5,7804;2966,8;0,115608;;;
498,6;5,788;2963,5;0,11576;;;
499,1;5,7962;2963,5;0,115924;;;
499,6;5,8043;2963,5;0,116086;;;
500,1;5,8119;2963,5;0,116238;;;
500,6;5,8196;2963,5;0,116392;;;
501,1;5,8277;2963,5;0,116554;;;
501,6;5,8353;2963,5;0,116706;;;
502,1;5,8434;2963,5;0,116868;;;
502,6;5,8516;2960,3;0,117032;;;
503,1;5,8597;2963,5;0,117194;;;
503,6;5,8678;2963,5;0,117356;;;
504,1;5,8759;2963,5;0,117518;;;
504,6;5,884;2963,5;0,11768;;;
505,1;5,8922;2963,5;0,117844;;;
505,6;5,9003;2960,3;0,118006;;;
506,1;5,9084;2960,3;0,118168;;;
506,6;5,916;2960,3;0,11832;;;
507,1;5,9246;2960,3;0,118492;;;
507,6;5,9327;2960,3;0,118654;;;
508,1;5,9409;2960,3;0,118818;;;
508,6;5,9485;2960,3;0,11897;;;
509,1;5,9561;2960,3;0,119122;;;
509,6;5,9643;2957,1;0,119286;;;
510,1;5,9729;2960,3;0,119458;;;
510,6;5,9805;2960,3;0,11961;;;
511,1;5,9886;2957,1;0,119772;;;
511,6;5,9963;2957,1;0,119926;;;
512,1;6,0039;2957,1;0,120078;;;
512,6;6,0125;2960,3;0,12025;;;
513,1;6,0206;2957,1;0,120412;;;
513,6;6,0287;2957,1;0,120574;;;
514,1;6,0369;2957,1;0,120738;;;
514,6;6,045;2957,1;0,1209;;;
515,1;6,0531;2957,1;0,121062;;;
515,6;6,0612;2953,9;0,121224;;;
516,1;6,0693;2957,1;0,121386;;;
516,6;6,0774;2957,1;0,121548;;;
517,1;6,0856;2957,1;0,121712;;;
517,6;6,0937;2953,9;0,121874;;;
518,1;6,1018;2953,9;0,122036;;;
518,6;6,1099;2953,9;0,122198;;;
519,1;6,118;2953,9;0,12236;;;
519,6;6,1257;2953,9;0,122514;;;
520,1;6,1338;2953,9;0,122676;;;
520,6;6,1419;2953,9;0,122838;;;
521,1;6,15;2953,9;0,123;;;
521,6;6,1577;2953,9;0,123154;;;
522,1;6,1658;2953,9;0,123316;;;
522,6;6,1744;2950,7;0,123488;;;
523,1;6,182;2953,9;0,12364;;;
523,6;6,1906;2950,7;0,123812;;;
524,1;6,1987;2950,7;0,123974;;;
524,6;6,2069;2950,7;0,124138;;;
525,1;6,215;2950,7;0,1243;;;
525,6;6,2236;2950,7;0,124472;;;
526,1;6,2317;2950,7;0,124634;;;
526,6;6,2398;2950,7;0,124796;;;
527,1;6,2479;2950,7;0,124958;;;
527,6;6,2565;2947,5;0,12513;;;
528,1;6,2642;2950,7;0,125284;;;
528,6;6,2723;2947,5;0,125446;;;
529,1;6,2804;2947,5;0,125608;;;
529,6;6,2885;2947,5;0,12577;;;
530,1;6,2966;2947,5;0,125932;;;
530,6;6,3043;2947,5;0,126086;;;
531,1;6,3129;2947,5;0,126258;;;
531,6;6,3205;2947,5;0,12641;;;
532,1;6,3286;2944,3;0,126572;;;
532,6;6,3368;2944,3;0,126736;;;
533,1;6,3454;2947,5;0,126908;;;
533,6;6,353;2944,3;0,12706;;;
534,1;6,3616;2944,3;0,127232;;;
534,6;6,3692;2944,3;0,127384;;;
535,1;6,3778;2944,3;0,127556;;;
535,6;6,386;2944,3;0,12772;;;
536,1;6,3941;2944,3;0,127882;;;
536,6;6,4022;2944,3;0,128044;;;
537,1;6,4108;2941,1;0,128216;;;
537,6;6,4189;2941,1;0,128378;;;
538,1;6,427;2944,3;0,12854;;;
538,6;6,4351;2941,1;0,128702;;;
539,1;6,4437;2941,1;0,128874;;;
539,6;6,4519;2941,1;0,129038;;;
540,1;6,46;2941,1;0,1292;;;
540,6;6,4681;2937,9;0,129362;;;
541,1;6,4762;2941,1;0,129524;;;
541,6;6,4843;2937,9;0,129686;;;
542,1;6,4924;2937,9;0,129848;;;
542,6;6,5006;2937,9;0,130012;;;
543,1;6,5087;2937,9;0,130174;;;
543,6;6,5168;2937,9;0,130336;;;
544,1;6,5254;2937,9;0,130508;;;
544,6;6,5335;2937,9;0,13067;;;
545,1;6,5416;2934,6;0,130832;;;
545,6;6,5502;2937,9;0,131004;;;
546,1;6,5584;2934,6;0,131168;;;
546,6;6,5669;2934,6;0,131338;;;
547,1;6,5751;2934,6;0,131502;;;
547,6;6,5837;2934,6;0,131674;;;
548,1;6,5918;2934,6;0,131836;;;
548,6;6,5999;2934,6;0,131998;;;
549,1;6,608;2931,4;0,13216;;;
549,6;6,6161;2934,6;0,132322;;;
550,1;6,6247;2931,4;0,132494;;;
550,6;6,6329;2928,2;0,132658;;;
551,1;6,641;2931,4;0,13282;;;
551,6;6,6496;2931,4;0,132992;;;
552,1;6,6577;2928,2;0,133154;;;
552,6;6,6658;2931,4;0,133316;;;
553,1;6,6739;2928,2;0,133478;;;
553,6;6,6825;2931,4;0,13365;;;
554,1;6,6906;2928,2;0,133812;;;
554,6;6,6988;2928,2;0,133976;;;
555,1;6,7069;2928,2;0,134138;;;
555,6;6,7155;2928,2;0,13431;;;
556,1;6,7236;2925;0,134472;;;
556,6;6,7322;2925;0,134644;;;
557,1;6,7403;2928,2;0,134806;;;
557,6;6,7484;2925;0,134968;;;
558,1;6,757;2925;0,13514;;;
558,6;6,7651;2925;0,135302;;;
559,1;6,7733;2925;0,135466;;;
559,6;6,7818;2921,8;0,135636;;;
560,1;6,79;2921,8;0,1358;;;
560,6;6,7981;2921,8;0,135962;;;
561,1;6,8067;2921,8;0,136134;;;
561,6;6,8148;2921,8;0,136296;;;
562,1;6,8229;2918,6;0,136458;;;
562,6;6,831;2918,6;0,13662;;;
563,1;6,8396;2918,6;0,136792;;;
563,6;6,8478;2918,6;0,136956;;;
564,1;6,8559;2921,8;0,137118;;;
564,6;6,8645;2918,6;0,13729;;;
565,1;6,8726;2918,6;0,137452;;;
565,6;6,8812;2915,4;0,137624;;;
566,1;6,8893;2912,2;0,137786;;;
566,6;6,8979;2915,4;0,137958;;;
567,1;6,906;2915,4;0,13812;;;
567,6;6,9146;2915,4;0,138292;;;
568,1;6,9227;2915,4;0,138454;;;
568,6;6,9308;2912,2;0,138616;;;
569,1;6,9394;2912,2;0,138788;;;
569,6;6,9476;2912,2;0,138952;;;
570,1;6,9557;2909;0,139114;;;
570,6;6,9638;2909;0,139276;;;
571,1;6,9719;2909;0,139438;;;
571,6;6,9805;2909;0,13961;;;
572,1;6,9886;2909;0,139772;;;
572,6;6,9968;2905,8;0,139936;;;
573,1;7,0053;2905,8;0,140106;;;
573,6;7,0135;2905,8;0,14027;;;
574,1;7,0216;2905,8;0,140432;;;
574,6;7,0302;2902,5;0,140604;;;
575,1;7,0383;2902,5;0,140766;;;
575,6;7,0464;2902,5;0,140928;;;
576,1;7,055;2902,5;0,1411;;;
576,6;7,0631;2899,3;0,141262;;;
577,1;7,0717;2902,5;0,141434;;;
577,6;7,0798;2899,3;0,141596;;;
578,1;7,0884;2899,3;0,141768;;;
578,6;7,097;2899,3;0,14194;;;
579,1;7,1052;2899,3;0,142104;;;
579,6;7,1133;2899,3;0,142266;;;
580,1;7,1214;2896,1;0,142428;;;
580,6;7,13;2896,1;0,1426;;;
581,1;7,1386;2896,1;0,142772;;;
581,6;7,1462;2892,9;0,142924;;;
582,1;7,1543;2896,1;0,143086;;;
582,6;7,1625;2892,9;0,14325;;;
583,1;7,1711;2892,9;0,143422;;;
583,6;7,1792;2889,7;0,143584;;;
584,1;7,1878;2892,9;0,143756;;;
584,6;7,1954;2889,7;0,143908;;;
585,1;7,204;2892,9;0,14408;;;
585,6;7,2121;2889,7;0,144242;;;
586,1;7,2207;2886,5;0,144414;;;
586,6;7,2288;2886,5;0,144576;;;
587,1;7,2374;2886,5;0,144748;;;
587,6;7,2456;2886,5;0,144912;;;
588,1;7,2542;2883,3;0,145084;;;
588,6;7,2623;2886,5;0,145246;;;
589,1;7,2704;2886,5;0,145408;;;
589,6;7,279;2883,3;0,14558;;;
590,1;7,2876;2883,3;0,145752;;;
590,6;7,2957;2880,1;0,145914;;;
591,1;7,3038;2880,1;0,146076;;;
591,6;7,3119;2880,1;0,146238;;;
592,1;7,3205;2876,9;0,14641;;;
592,6;7,3287;2876,9;0,146574;;;
593,1;7,3368;2876,9;0,146736;;;
593,6;7,3454;2876,9;0,146908;;;
594,1;7,3535;2873,6;0,14707;;;
594,6;7,3621;2873,6;0,147242;;;
595,1;7,3702;2873,6;0,147404;;;
595,6;7,3783;2873,6;0,147566;;;
596,1;7,3869;2870,4;0,147738;;;
596,6;7,395;2870,4;0,1479;;;
597,1;7,4032;2867,2;0,148064;;;
597,6;7,4118;2870,4;0,148236;;;
598,1;7,4203;2867,2;0,148406;;;
598,6;7,4285;2867,2;0,14857;;;
599,1;7,4366;2864;0,148732;;;
599,6;7,4452;2867,2;0,148904;;;
600,1;7,4533;2864;0,149066;;;
600,6;7,4614;2864;0,149228;;;
601,1;7,47;2864;0,1494;;;
601,6;7,4786;2860,8;0,149572;;;
602,1;7,4867;2860,8;0,149734;;;
602,6;7,4948;2860,8;0,149896;;;
603,1;7,503;2857,6;0,15006;;;
603,6;7,5111;2857,6;0,150222;;;
604,1;7,5197;2854,4;0,150394;;;
604,6;7,5278;2854,4;0,150556;;;
605,1;7,5354;2851,2;0,150708;;;
605,6;7,544;2851,2;0,15088;;;
606,1;7,5526;2851,2;0,151052;;;
606,6;7,5612;2851,2;0,151224;;;
607,1;7,5693;2851,2;0,151386;;;
607,6;7,5779;2851,2;0,151558;;;
608,1;7,5861;2848;0,151722;;;
608,6;7,5942;2848;0,151884;;;
609,1;7,6033;2848;0,152066;;;
609,6;7,6114;2844,7;0,152228;;;
610,1;7,62;2841,5;0,1524;;;
610,6;7,6281;2841,5;0,152562;;;
611,1;7,6362;2841,5;0,152724;;;
611,6;7,6443;2841,5;0,152886;;;
612,1;7,6529;2838,3;0,153058;;;
612,6;7,661;2838,3;0,15322;;;
613,1;7,6692;2835,1;0,153384;;;
613,6;7,6778;2835,1;0,153556;;;
614,1;7,6859;2835,1;0,153718;;;
614,6;7,6945;2831,9;0,15389;;;
615,1;7,7026;2828,7;0,154052;;;
615,6;7,7112;2828,7;0,154224;;;
616,1;7,7188;2828,7;0,154376;;;
616,6;7,7279;2828,7;0,154558;;;
617,1;7,736;2825,5;0,15472;;;
617,6;7,7441;2825,5;0,154882;;;
618,1;7,7527;2822,3;0,155054;;;
618,6;7,7613;2822,3;0,155226;;;
619,1;7,7694;2819,1;0,155388;;;
619,6;7,778;2819,1;0,15556;;;
620,1;7,7862;2819,1;0,155724;;;
620,6;7,7943;2815,8;0,155886;;;
621,1;7,8029;2815,8;0,156058;;;
621,6;7,8115;2812,6;0,15623;;;
622,1;7,8196;2812,6;0,156392;;;
622,6;7,8277;2809,4;0,156554;;;
623,1;7,8363;2809,4;0,156726;;;
623,6;7,8449;2809,4;0,156898;;;
624,1;7,853;2806,2;0,15706;;;
624,6;7,8611;2806,2;0,157222;;;
625,1;7,8693;2803;0,157386;;;
625,6;7,8774;2799,8;0,157548;;;
626,1;7,886;2799,8;0,15772;;;
626,6;7,8941;2796,6;0,157882;;;
627,1;7,9027;2796,6;0,158054;;;
627,6;7,9108;2796,6;0,158216;;;
628,1;7,9199;2793,4;0,158398;;;
628,6;7,928;2790,2;0,15856;;;
629,1;7,9366;2790,2;0,158732;;;
629,6;7,9452;2787;0,158904;;;
630,1;7,9533;2787;0,159066;;;
630,6;7,9614;2780,5;0,159228;;;
631,1;7,9705;2780,5;0,15941;;;
631,6;7,9791;2777,3;0,159582;;;
632,1;7,9872;2777,3;0,159744;;;
632,6;7,9953;2774,1;0,159906;;;
633,1;8,0039;2770,9;0,160078;;;
633,6;8,012;2770,9;0,16024;;;
634,1;8,0206;2767,7;0,160412;;;
634,6;8,0292;2767,7;0,160584;;;
635,1;8,0374;2764,5;0,160748;;;
635,6;8,0455;2764,5;0,16091;;;
636,1;8,0541;2761,3;0,161082;;;
636,6;8,0627;2754,8;0,161254;;;
637,1;8,0708;2751,6;0,161416;;;
637,6;8,0794;2751,6;0,161588;;;
638,1;8,088;2748,4;0,16176;;;
638,6;8,0966;2745,2;0,161932;;;
639,1;8,1052;2742;0,162104;;;
639,6;8,1133;2738,8;0,162266;;;
640,1;8,1219;2735,6;0,162438;;;
640,6;8,1305;2732,4;0,16261;;;
641,1;8,1391;2729,2;0,162782;;;
641,6;8,1477;2722,7;0,162954;;;
642,1;8,1563;2722,7;0,163126;;;
642,6;8,1649;2719,5;0,163298;;;
643,1;8,1735;2709,9;0,16347;;;
643,6;8,1821;2709,9;0,163642;;;
644,1;8,1907;2703,5;0,163814;;;
644,6;8,1993;2700,3;0,163986;;;
645,1;8,2078;2693,8;0,164156;;;
645,6;8,2164;2690,6;0,164328;;;
646,1;8,225;2687,4;0,1645;;;
646,6;8,2336;2681;0,164672;;;
647,1;8,2427;2674,6;0,164854;;;
647,6;8,2513;2668,2;0,165026;;;
648,1;8,2604;2661,7;0,165208;;;
648,6;8,269;2655,3;0,16538;;;
649,1;8,278;2645,7;0,16556;;;
649,6;8,2871;2639,3;0,165742;;;
650,1;8,2962;2629,6;0,165924;;;
650,6;8,3053;2620;0,166106;;;
651,1;8,3143;2610,4;0,166286;;;
651,6;8,3234;2600,7;0,166468;;;
652,1;8,3325;2587,9;0,16665;;;
652,6;8,342;2575;0,16684;;;
653,1;8,3516;2559;0,167032;;;
653,6;8,3607;2542,9;0,167214;;;
654,1;8,3697;2526,9;0,167394;;;
654,47;8,3764;2507,6;0,167528;;;
654,83;8,3769;2488,4;0,167538;;;
655,07;8,3793;2469,1;0,167586;;;
655,28;8,3229;2449,8;0,166458;;;
655,4;8,3253;2430,6;0,166506;;;
655,5;8,3291;2411,3;0,166582;;;
655,6;8,332;2392;0,16664;;;
655,72;8,3358;2372,8;0,166716;;;
655,87;8,3401;2353,5;0,166802;;;
656,02;8,344;2334,2;0,16688;;;
656,17;8,3483;2315;0,166966;;;
656,3;8,3516;2295,7;0,167032;;;
656,45;8,3559;2276,4;0,167118;;;
656,58;8,3597;2257,2;0,167194;;;
656,7;8,3631;2237,9;0,167262;;;
656,83;8,3674;2218,6;0,167348;;;
656,95;8,3712;2199,4;0,167424;;;
657,08;8,3745;2180,1;0,16749;;;
657,23;8,3793;2160,9;0,167586;;;
657,37;8,3826;2141,6;0,167652;;;
657,5;8,3869;2119,1;0,167738;;;
657,65;8,3912;2099,8;0,167824;;;
657,78;8,3951;2080,6;0,167902;;;
657,92;8,3989;2061,3;0,167978;;;
658,03;8,4027;2042,1;0,168054;;;
658,15;8,406;2022,8;0,16812;;;
658,25;8,4089;2003,5;0,168178;;;
658,35;8,4127;1984,3;0,168254;;;
658,45;8,4156;1965;0,168312;;;
658,53;8,4189;1942,5;0,168378;;;
658,62;8,4223;1920;0,168446;;;
658,68;8,4251;1897,6;0,168502;;;
658,73;8,428;1878,3;0,16856;;;
658,77;8,4304;1855,8;0,168608;;;
658,8;8,4337;1820,5;0,168674;;;
658,82;8,4356;1801,2;0,168712;;;
658,83;8,4376;1782;0,168752;;;
658,87;8,4409;1753,1;0,168818;;;
658,88;8,4433;1730,6;0,168866;;;
658,9;8,4557;1499,4;0,169114;;;
658,92;8,5082;356,4;0,170164;;;
658,93;8,2126;-132,05;0,164252;;;
658,95;7,3153;-83,738;0,146306;;;
658,97;7,0077;-25,766;0,140154;;;
659;7,1004;-28,986;0,142008;;;
